{"stats":{"minecraft:picked_up":{"minecraft:oak_sign":1},"minecraft:custom":{"minecraft:jump":15,"minecraft:time_since_rest":57730,"minecraft:crouch_one_cm":1232,"minecraft:leave_game":2,"minecraft:play_time":57730,"minecraft:sprint_one_cm":1881,"minecraft:time_since_death":57730,"minecraft:walk_one_cm":10603,"minecraft:sneak_time":714,"minecraft:total_world_time":58021,"minecraft:fly_one_cm":258374},"minecraft:used":{"minecraft:gray_terracotta":1,"minecraft:oak_log":11,"minecraft:dark_oak_planks":4,"minecraft:glass":26,"minecraft:oak_sign":9,"minecraft:light":1,"minecraft:brown_concrete":2,"minecraft:cherry_log":67,"minecraft:grass_block":7}},"DataVersion":3700}