{"stats":{"minecraft:custom":{"minecraft:jump":12,"minecraft:time_since_rest":12575,"minecraft:crouch_one_cm":194,"minecraft:leave_game":1,"minecraft:sprint_one_cm":364,"minecraft:play_time":12575,"minecraft:time_since_death":12575,"minecraft:walk_one_cm":5839,"minecraft:sneak_time":200,"minecraft:total_world_time":12596,"minecraft:fly_one_cm":82992},"minecraft:used":{"minecraft:slime_block":15,"minecraft:sticky_piston":3,"minecraft:gray_terracotta":4,"minecraft:honey_block":18,"minecraft:redstone_block":32,"minecraft:obsidian":4,"minecraft:smooth_quartz_slab":10}},"DataVersion":3700}