{"stats":{"minecraft:used":{"minecraft:slime_block":32,"minecraft:honey_block":47,"minecraft:redstone_block":12,"minecraft:smooth_quartz_slab":110},"minecraft:custom":{"minecraft:jump":14,"minecraft:time_since_rest":24079,"minecraft:crouch_one_cm":1134,"minecraft:leave_game":1,"minecraft:sprint_one_cm":1270,"minecraft:play_time":24079,"minecraft:time_since_death":24079,"minecraft:walk_one_cm":6178,"minecraft:sneak_time":680,"minecraft:total_world_time":24604,"minecraft:fly_one_cm":147500}},"DataVersion":3700}