{"stats":{"minecraft:used":{"minecraft:oak_fence":1,"minecraft:oak_trapdoor":1,"minecraft:writable_book":12,"minecraft:polished_granite_stairs":10,"minecraft:polished_deepslate":10,"minecraft:light_gray_stained_glass_pane":14,"minecraft:smooth_quartz_slab":377,"minecraft:redstone":2617,"minecraft:dispenser":7,"minecraft:polished_blackstone":4,"minecraft:bone_block":255,"minecraft:polished_basalt":2,"minecraft:chest":2,"minecraft:brown_concrete":7086,"minecraft:stone":12,"minecraft:brown_shulker_box":413,"minecraft:stripped_birch_wood":72,"minecraft:polished_blackstone_wall":215,"minecraft:player_head":5,"minecraft:structure_block":1070,"minecraft:debug_stick":520,"minecraft:orange_stained_glass":66,"minecraft:torch":16,"minecraft:brewing_stand":1,"minecraft:dirt":182,"minecraft:target":285,"minecraft:white_carpet":24,"minecraft:deepslate_tile_slab":6,"minecraft:nether_brick_slab":6,"minecraft:pink_terracotta":4,"minecraft:yellow_carpet":27,"minecraft:spruce_fence":5,"minecraft:light_blue_stained_glass":120,"minecraft:oak_fence_gate":4,"minecraft:obsidian":220,"minecraft:polished_deepslate_stairs":46,"minecraft:andesite_wall":3,"minecraft:brown_terracotta":78,"minecraft:dark_oak_planks":862,"minecraft:packed_ice":24,"minecraft:honey_block":230,"minecraft:cyan_terracotta":15,"minecraft:stripped_dark_oak_wood":68,"minecraft:light_gray_stained_glass":43,"minecraft:gray_dye":13,"minecraft:mangrove_stairs":6,"minecraft:grass_block":607,"minecraft:jungle_fence_gate":1,"minecraft:red_wool":12,"minecraft:iron_block":185,"minecraft:light_weighted_pressure_plate":1,"minecraft:slime_block":199,"minecraft:polished_deepslate_wall":609,"minecraft:polished_blackstone_brick_wall":2,"minecraft:dark_oak_slab":170,"minecraft:dark_oak_button":5,"minecraft:diorite_wall":851,"minecraft:prismarine_slab":5,"minecraft:item_frame":115,"minecraft:smooth_basalt":1,"minecraft:basalt":5,"minecraft:tripwire_hook":1,"minecraft:glowstone":27,"minecraft:repeater":186,"minecraft:redstone_lamp":215,"minecraft:magma_block":3,"minecraft:brown_carpet":70,"minecraft:black_stained_glass":9,"minecraft:hay_block":4,"minecraft:written_book":4,"minecraft:iron_trapdoor":2108,"minecraft:lime_stained_glass":37,"minecraft:mangrove_slab":1,"minecraft:gold_block":295,"minecraft:pearlescent_froglight":68,"minecraft:observer":8374,"minecraft:pumpkin":25,"minecraft:polished_blackstone_stairs":24,"minecraft:stripped_spruce_wood":135,"minecraft:calcite":2,"minecraft:dark_oak_stairs":1147,"minecraft:mangrove_wood":7,"minecraft:wither_skeleton_skull":5,"minecraft:dark_oak_hanging_sign":1,"minecraft:gray_carpet":16,"minecraft:red_stained_glass":30,"minecraft:dark_oak_sign":17,"minecraft:powered_rail":4469,"minecraft:blackstone_stairs":110,"minecraft:prismarine_stairs":70,"minecraft:blackstone":24,"minecraft:sandstone":14,"minecraft:black_shulker_box":130,"minecraft:redstone_block":80,"minecraft:cauldron":7,"minecraft:white_dye":1,"minecraft:glow_ink_sac":15,"minecraft:waxed_copper_block":10,"minecraft:bamboo_stairs":2,"minecraft:white_wool":26,"minecraft:glow_item_frame":67,"minecraft:waxed_exposed_copper":116,"minecraft:jungle_wood":5,"minecraft:dark_oak_trapdoor":216,"minecraft:comparator":1,"minecraft:light_blue_concrete":15,"minecraft:loom":1,"minecraft:campfire":4,"minecraft:note_block":873,"minecraft:ochre_froglight":517,"minecraft:bamboo_fence_gate":1,"minecraft:redstone_torch":182,"minecraft:black_terracotta":58,"minecraft:sticky_piston":1067,"minecraft:gray_terracotta":249,"minecraft:lever":82,"minecraft:black_concrete":8848,"minecraft:black_wool":154,"minecraft:waxed_exposed_cut_copper_stairs":8,"minecraft:birch_fence_gate":1,"minecraft:gray_stained_glass_pane":35,"minecraft:brown_stained_glass":633,"minecraft:stone_button":6,"minecraft:verdant_froglight":529,"minecraft:map":41,"minecraft:lectern":2,"minecraft:jungle_stairs":8,"minecraft:blackstone_slab":94,"minecraft:brown_stained_glass_pane":8,"minecraft:white_banner":38,"minecraft:grindstone":10,"minecraft:white_stained_glass":5524,"minecraft:chain":12,"minecraft:polished_blackstone_button":4,"minecraft:white_concrete":5973,"minecraft:brown_mushroom_block":1,"minecraft:jukebox":2,"minecraft:gray_stained_glass":16},"minecraft:dropped":{"minecraft:dark_oak_slab":1,"minecraft:book":1,"minecraft:glow_item_frame":2,"minecraft:observer":7,"minecraft:grass_block":4,"minecraft:stick":3,"minecraft:dirt":1,"minecraft:iron_trapdoor":6,"minecraft:repeater":1,"minecraft:white_concrete":2,"minecraft:map":4,"minecraft:smooth_quartz_slab":1,"minecraft:writable_book":3,"minecraft:black_concrete":2,"minecraft:polished_deepslate_wall":1,"minecraft:gray_carpet":1,"minecraft:redstone_block":2,"minecraft:redstone":2,"minecraft:polished_blackstone_wall":1,"minecraft:note_block":1,"minecraft:lever":1,"minecraft:wither_skeleton_skull":1,"minecraft:structure_block":15,"minecraft:debug_stick":6,"minecraft:filled_map":9,"minecraft:diorite_wall":2,"minecraft:powered_rail":7,"minecraft:stripped_spruce_wood":2,"minecraft:written_book":1,"minecraft:white_stained_glass":4,"minecraft:lectern":2,"minecraft:brown_concrete":2},"minecraft:custom":{"minecraft:open_shulker_box":20,"minecraft:time_since_death":4992759,"minecraft:leave_game":84,"minecraft:sprint_one_cm":10960,"minecraft:walk_one_cm":545791,"minecraft:drop":97,"minecraft:play_time":4992759,"minecraft:sneak_time":224432,"minecraft:interact_with_lectern":12,"minecraft:jump":1041,"minecraft:total_world_time":5758165,"minecraft:tune_noteblock":1440,"minecraft:interact_with_loom":1,"minecraft:interact_with_grindstone":1,"minecraft:time_since_rest":4992759,"minecraft:fly_one_cm":28045094,"minecraft:open_chest":12,"minecraft:crouch_one_cm":75397,"minecraft:inspect_dispenser":16},"minecraft:picked_up":{"minecraft:iron_trapdoor":3,"minecraft:structure_block":12,"minecraft:brewing_stand":1,"minecraft:flint_and_steel":35,"minecraft:white_stained_glass":2,"minecraft:item_frame":37,"minecraft:polished_blackstone_wall":1,"minecraft:light_weighted_pressure_plate":1,"minecraft:redstone_torch":30,"minecraft:written_book":2,"minecraft:observer":1,"minecraft:stick":3,"minecraft:glow_item_frame":4,"minecraft:torch":4,"minecraft:stone_button":2,"minecraft:redstone":1114,"minecraft:repeater":39,"minecraft:filled_map":18,"minecraft:stripped_spruce_wood":1,"minecraft:map":4,"minecraft:dark_oak_sign":2,"minecraft:powered_rail":1070,"minecraft:debug_stick":6,"minecraft:dark_oak_slab":1,"minecraft:grass_block":1,"minecraft:yellow_carpet":15,"minecraft:black_concrete":1,"minecraft:writable_book":1,"minecraft:lever":16,"minecraft:polished_blackstone_button":2,"minecraft:white_concrete":2}},"DataVersion":3465}