{"stats":{"minecraft:custom":{"minecraft:time_since_rest":115240,"minecraft:crouch_one_cm":4338,"minecraft:play_time":115240,"minecraft:sprint_one_cm":17569,"minecraft:walk_one_cm":34492,"minecraft:sneak_time":6038,"minecraft:jump":108,"minecraft:leave_game":1,"minecraft:time_since_death":115240,"minecraft:total_world_time":115269,"minecraft:fly_one_cm":1409552},"minecraft:used":{"minecraft:dark_oak_planks":147,"minecraft:sticky_piston":33,"minecraft:gray_terracotta":340,"minecraft:dark_oak_stairs":308,"minecraft:honey_block":64,"minecraft:dark_oak_trapdoor":51,"minecraft:target":4,"minecraft:brown_carpet":33,"minecraft:smooth_quartz_slab":696,"minecraft:grass_block":17,"minecraft:brown_stained_glass":1,"minecraft:slime_block":62,"minecraft:gold_block":16,"minecraft:brown_concrete":407,"minecraft:redstone_block":5,"minecraft:obsidian":90},"minecraft:picked_up":{"minecraft:brown_carpet":3,"minecraft:repeater":1,"minecraft:yellow_carpet":2,"minecraft:redstone":11}},"DataVersion":3700}