{
  "minecraft:recipes/misc/charcoal": {
    "criteria": {
      "has_log": "2024-04-23 23:45:09 -0700"
    },
    "done": true
  },
  "minecraft:recipes/decorations/crafting_table": {
    "criteria": {
      "unlock_right_away": "2024-04-23 23:45:09 -0700"
    },
    "done": true
  },
  "minecraft:recipes/building_blocks/cherry_planks": {
    "criteria": {
      "has_log": "2024-04-23 23:45:09 -0700"
    },
    "done": true
  },
  "minecraft:adventure/adventuring_time": {
    "criteria": {
      "minecraft:plains": "2024-04-23 23:45:11 -0700"
    },
    "done": false
  },
  "minecraft:recipes/building_blocks/cherry_wood": {
    "criteria": {
      "has_log": "2024-04-23 23:45:09 -0700"
    },
    "done": true
  },
  "DataVersion": 3700
}